<!--
Licensed to the Apache Software Foundation (ASF) under one
or more contributor license agreements.  See the NOTICE file
distributed with this work for additional information
regarding copyright ownership.  The ASF licenses this file
to you under the Apache License, Version 2.0 (the
"License"); you may not use this file except in compliance
with the License.  You may obtain a copy of the License at

    http://www.apache.org/licenses/LICENSE-2.0

Unless required by applicable law or agreed to in writing,
software distributed under the License is distributed on an
"AS IS" BASIS, WITHOUT WARRANTIES OR CONDITIONS OF ANY
KIND, either express or implied.  See the License for the
specific language governing permissions and limitations
under the License.
-->

<!-- These components are re-declared to ensure that the ones from Maven's core are not used during jetty:run -->
<plexus>
  <components>
    <component>
      <role>org.apache.maven.artifact.repository.layout.ArtifactRepositoryLayout</role>
      <role-hint>default</role-hint>
      <implementation>org.apache.maven.artifact.repository.layout.DefaultRepositoryLayout</implementation>
    </component>

    <component>
      <role>org.apache.maven.artifact.repository.layout.ArtifactRepositoryLayout</role>
      <role-hint>legacy</role-hint>
      <implementation>org.apache.maven.artifact.repository.layout.LegacyRepositoryLayout</implementation>
    </component>

    <!--
     |
     | ArtifactHandlerManager
     |
     -->
    <component>
      <role>org.apache.maven.artifact.handler.manager.ArtifactHandlerManager</role>
      <implementation>org.apache.maven.artifact.handler.manager.DefaultArtifactHandlerManager</implementation>
      <requirements>
        <requirement>
          <role>org.apache.maven.artifact.handler.ArtifactHandler</role>
          <field-name>artifactHandlers</field-name>
        </requirement>
      </requirements>
    </component>

    <component>
      <role>org.apache.maven.artifact.handler.ArtifactHandler</role>
      <role-hint>ejb</role-hint>
      <implementation>org.apache.maven.artifact.handler.DefaultArtifactHandler</implementation>
      <configuration>
        <type>ejb</type>
        <extension>jar</extension>
        <language>java</language>
        <addedToClasspath>true</addedToClasspath>
      </configuration>
    </component>

    <component>
      <role>org.apache.maven.artifact.handler.ArtifactHandler</role>
      <role-hint>jar</role-hint>
      <implementation>org.apache.maven.artifact.handler.DefaultArtifactHandler</implementation>
      <configuration>
        <type>jar</type>
        <language>java</language>
        <addedToClasspath>true</addedToClasspath>
      </configuration>
    </component>

    <component>
      <role>org.apache.maven.artifact.handler.ArtifactHandler</role>
      <role-hint>test-jar</role-hint>
      <implementation>org.apache.maven.artifact.handler.DefaultArtifactHandler</implementation>
      <configuration>
        <classifier>tests</classifier>
        <extension>jar</extension>
        <type>test-jar</type>
        <packaging>jar</packaging>
        <language>java</language>
        <addedToClasspath>true</addedToClasspath>
      </configuration>
    </component>

    <component>
      <role>org.apache.maven.artifact.handler.ArtifactHandler</role>
      <role-hint>maven-plugin</role-hint>
      <implementation>org.apache.maven.artifact.handler.DefaultArtifactHandler</implementation>
      <configuration>
        <type>maven-plugin</type>
        <extension>jar</extension>
        <language>java</language>
        <addedToClasspath>true</addedToClasspath>
      </configuration>
    </component>

    <component>
      <role>org.apache.maven.artifact.handler.ArtifactHandler</role>
      <role-hint>pom</role-hint>
      <implementation>org.apache.maven.artifact.handler.DefaultArtifactHandler</implementation>
      <configuration>
        <type>pom</type>
      </configuration>
    </component>

    <component>
      <role>org.apache.maven.artifact.handler.ArtifactHandler</role>
      <role-hint>java-source</role-hint>
      <implementation>org.apache.maven.artifact.handler.DefaultArtifactHandler</implementation>
      <configuration>
        <classifier>sources</classifier>
        <type>java-source</type>
        <extension>jar</extension>
        <language>java</language>
        <addedToClasspath>false</addedToClasspath>
      </configuration>
    </component>

    <component>
      <role>org.apache.maven.artifact.handler.ArtifactHandler</role>
      <role-hint>javadoc</role-hint>
      <implementation>org.apache.maven.artifact.handler.DefaultArtifactHandler</implementation>
      <configuration>
        <classifier>javadoc</classifier>
        <type>javadoc</type>
        <extension>jar</extension>
        <language>java</language>
        <addedToClasspath>true</addedToClasspath>
      </configuration>
    </component>

    <component>
      <role>org.apache.maven.artifact.handler.ArtifactHandler</role>
      <role-hint>war</role-hint>
      <implementation>org.apache.maven.artifact.handler.DefaultArtifactHandler</implementation>
      <configuration>
        <type>war</type>
        <includesDependencies>true</includesDependencies>
        <language>java</language>
        <addedToClasspath>false</addedToClasspath>
      </configuration>
    </component>

    <component>
      <role>org.apache.maven.artifact.handler.ArtifactHandler</role>
      <role-hint>ear</role-hint>
      <implementation>org.apache.maven.artifact.handler.DefaultArtifactHandler</implementation>
      <configuration>
        <type>ear</type>
        <includesDependencies>true</includesDependencies>
        <language>java</language>
        <addedToClasspath>false</addedToClasspath>
      </configuration>
    </component>

    <component>
      <role>org.apache.maven.artifact.handler.ArtifactHandler</role>
      <role-hint>ejb-client</role-hint>
      <implementation>org.apache.maven.artifact.handler.DefaultArtifactHandler</implementation>
      <configuration>
        <type>ejb-client</type>
        <extension>jar</extension>
        <packaging>ejb</packaging>
        <classifier>client</classifier>
        <language>java</language>
        <addedToClasspath>true</addedToClasspath>
      </configuration>
    </component>

    <component>
      <role>org.apache.maven.artifact.handler.ArtifactHandler</role>
      <role-hint>rar</role-hint>
      <implementation>org.apache.maven.artifact.handler.DefaultArtifactHandler</implementation>
      <configuration>
        <type>rar</type>
        <includesDependencies>true</includesDependencies>
        <language>java</language>
        <addedToClasspath>false</addedToClasspath>
      </configuration>
    </component>

    <component>
      <role>org.apache.maven.artifact.handler.ArtifactHandler</role>
      <role-hint>par</role-hint>
      <implementation>org.apache.maven.artifact.handler.DefaultArtifactHandler</implementation>
      <configuration>
        <type>par</type>
        <includesDependencies>true</includesDependencies>
        <language>java</language>
        <addedToClasspath>false</addedToClasspath>
      </configuration>
    </component>

    <component>
      <role>org.apache.maven.artifact.handler.ArtifactHandler</role>
      <role-hint>ejb3</role-hint>
      <implementation>org.apache.maven.artifact.handler.DefaultArtifactHandler</implementation>
      <configuration>
        <type>ejb3</type>
        <includesDependencies>true</includesDependencies>
        <language>java</language>
        <addedToClasspath>false</addedToClasspath>
      </configuration>
    </component>

    <component>
      <role>org.apache.maven.artifact.factory.ArtifactFactory</role>
      <implementation>org.apache.maven.artifact.factory.DefaultArtifactFactory</implementation>
      <requirements>
        <requirement>
          <role>org.apache.maven.artifact.handler.manager.ArtifactHandlerManager</role>
        </requirement>
      </requirements>
    </component>

    <component>
      <role>org.apache.maven.artifact.resolver.ArtifactCollector</role>
      <implementation>org.apache.maven.artifact.resolver.DefaultArtifactCollector</implementation>
    </component>

    <!--
     |
     | WagonManager
     |
     -->
    <component>
      <role>org.apache.maven.artifact.manager.WagonManager</role>
      <implementation>org.apache.maven.artifact.manager.DefaultWagonManager</implementation>
      <requirements>
        <requirement>
          <role>org.apache.maven.artifact.repository.ArtifactRepositoryFactory</role>
        </requirement>
      </requirements>
    </component>

    <component>
      <role>org.apache.maven.artifact.repository.metadata.RepositoryMetadataManager</role>
      <implementation>org.apache.maven.artifact.repository.metadata.DefaultRepositoryMetadataManager</implementation>
      <requirements>
        <requirement>
          <role>org.apache.maven.artifact.manager.WagonManager</role>
        </requirement>
      </requirements>
    </component>

    <!--
     |
     | Transformations
     |
     -->
    <component>
      <role>org.apache.maven.artifact.transform.ArtifactTransformation</role>
      <role-hint>snapshot</role-hint>
      <implementation>org.apache.maven.artifact.transform.SnapshotTransformation</implementation>
      <requirements>
        <requirement>
          <role>org.apache.maven.artifact.manager.WagonManager</role>
        </requirement>
        <requirement>
          <role>org.apache.maven.artifact.repository.metadata.RepositoryMetadataManager</role>
        </requirement>
      </requirements>
    </component>

    <component>
      <role>org.apache.maven.artifact.transform.ArtifactTransformation</role>
      <role-hint>release</role-hint>
      <implementation>org.apache.maven.artifact.transform.ReleaseArtifactTransformation</implementation>
      <requirements>
        <requirement>
          <role>org.apache.maven.artifact.manager.WagonManager</role>
        </requirement>
        <requirement>
          <role>org.apache.maven.artifact.repository.metadata.RepositoryMetadataManager</role>
        </requirement>
      </requirements>
    </component>

    <component>
      <role>org.apache.maven.artifact.transform.ArtifactTransformation</role>
      <role-hint>latest</role-hint>
      <implementation>org.apache.maven.artifact.transform.LatestArtifactTransformation</implementation>
      <requirements>
        <requirement>
          <role>org.apache.maven.artifact.manager.WagonManager</role>
        </requirement>
        <requirement>
          <role>org.apache.maven.artifact.repository.metadata.RepositoryMetadataManager</role>
        </requirement>
      </requirements>
    </component>

    <!--
    |
    | ArtifactTransformationManager
    |
    -->
    <component>
      <role>org.apache.maven.artifact.transform.ArtifactTransformationManager</role>
      <implementation>org.apache.maven.artifact.transform.DefaultArtifactTransformationManager</implementation>
      <requirements>
        <requirement>
          <role>org.apache.maven.artifact.transform.ArtifactTransformation</role>
          <field-name>artifactTransformations</field-name>
        </requirement>
      </requirements>
    </component>

    <!--
     |
     | Resolver
     |
     -->
    <component>
      <role>org.apache.maven.artifact.resolver.ArtifactResolver</role>
      <implementation>org.apache.maven.artifact.resolver.DefaultArtifactResolver</implementation>
      <requirements>
        <requirement>
          <role>org.apache.maven.artifact.manager.WagonManager</role>
        </requirement>
        <requirement>
          <role>org.apache.maven.artifact.transform.ArtifactTransformationManager</role>
        </requirement>
        <requirement>
          <role>org.apache.maven.artifact.factory.ArtifactFactory</role>
        </requirement>
        <requirement>
          <role>org.apache.maven.artifact.resolver.ArtifactCollector</role>
        </requirement>
      </requirements>
    </component>

    <!--
     |
     | ArtifactInstaller
     |
     -->
    <component>
      <role>org.apache.maven.artifact.installer.ArtifactInstaller</role>
      <implementation>org.apache.maven.artifact.installer.DefaultArtifactInstaller</implementation>
      <requirements>
        <requirement>
          <role>org.apache.maven.artifact.transform.ArtifactTransformationManager</role>
        </requirement>
        <requirement>
          <role>org.apache.maven.artifact.repository.metadata.RepositoryMetadataManager</role>
        </requirement>
      </requirements>
    </component>

    <!--
     |
     | ArtifactDeployer
     |
     -->
    <component>
      <role>org.apache.maven.artifact.deployer.ArtifactDeployer</role>
      <implementation>org.apache.maven.artifact.deployer.DefaultArtifactDeployer</implementation>
      <requirements>
        <requirement>
          <role>org.apache.maven.artifact.manager.WagonManager</role>
        </requirement>
        <requirement>
          <role>org.apache.maven.artifact.transform.ArtifactTransformationManager</role>
        </requirement>
        <requirement>
          <role>org.apache.maven.artifact.repository.metadata.RepositoryMetadataManager</role>
        </requirement>
      </requirements>
    </component>

    <component>
      <role>org.apache.maven.artifact.repository.ArtifactRepositoryFactory</role>
      <implementation>org.apache.maven.artifact.repository.DefaultArtifactRepositoryFactory</implementation>
    </component>
    <component>
      <role>org.codehaus.plexus.component.configurator.ComponentConfigurator</role>
      <implementation>org.apache.maven.artifact.manager.WagonComponentConfigurator</implementation>
      <role-hint>wagon</role-hint>
    </component>

    <component>
      <role>org.apache.maven.plugin.registry.MavenPluginRegistryBuilder</role>
      <implementation>org.apache.maven.plugin.registry.DefaultPluginRegistryBuilder</implementation>
      <configuration>
        <globalRegistryPath>${maven.home}/conf/plugin-registry.xml</globalRegistryPath>
        <userRegistryPath>${user.home}/.m2/plugin-registry.xml</userRegistryPath>
      </configuration>
    </component>
    
<!--
     |
     |
     |
     -->
    <component>
      <role>org.apache.maven.profiles.MavenProfilesBuilder</role>
      <implementation>org.apache.maven.profiles.DefaultMavenProfilesBuilder</implementation>
    </component>
    <component>
      <role>org.apache.maven.project.artifact.ProjectArtifactFactory</role>
      <role-hint>maven-project</role-hint>
      <implementation>org.apache.maven.project.artifact.ProjectArtifactFactory</implementation>
      <requirements>
        <requirement>
          <role>org.apache.maven.artifact.handler.manager.ArtifactHandlerManager</role>
        </requirement>
      </requirements>
    </component>
<!--
     |
     |
     |
     -->
    <component>
      <role>org.apache.maven.project.MavenProjectHelper</role>
      <implementation>org.apache.maven.project.DefaultMavenProjectHelper</implementation>
      <requirements>
        <requirement>
          <role>org.apache.maven.artifact.handler.manager.ArtifactHandlerManager</role>
        </requirement>
      </requirements>
    </component>
<!--
     |
     |
     |
     -->
    <component>
      <role>org.apache.maven.artifact.transform.ArtifactTransformation</role>
      <role-hint>version-expression</role-hint>
      <implementation>org.apache.maven.project.artifact.VersionExpressionTransformation</implementation>
      <requirements>
        <requirement>
          <role>org.apache.maven.project.path.PathTranslator</role>
        </requirement>
      </requirements>
    </component>
<!--
     |
     |
     |
     -->
    <component>
      <role>org.apache.maven.project.interpolation.ModelInterpolator</role>
      <implementation>org.apache.maven.project.interpolation.StringSearchModelInterpolator</implementation>
      <requirements>
        <requirement>
          <role>org.apache.maven.project.path.PathTranslator</role>
        </requirement>
      </requirements>
    </component>
<!--
     |
     |
     |
     -->
    <component>
      <role>org.apache.maven.project.injection.ModelDefaultsInjector</role>
      <implementation>org.apache.maven.project.injection.DefaultModelDefaultsInjector</implementation>
    </component>
<!--
     |
     |
     |
     -->
    <component>
      <role>org.apache.maven.project.injection.ProfileInjector</role>
      <implementation>org.apache.maven.project.injection.DefaultProfileInjector</implementation>
    </component>
<!--
     |
     |
     |
     -->
    <component>
      <role>org.apache.maven.project.MavenProjectBuilder</role>
      <implementation>org.apache.maven.project.DefaultMavenProjectBuilder</implementation>
      <requirements>
        <requirement>
          <role>org.apache.maven.profiles.MavenProfilesBuilder</role>
        </requirement>
        <requirement>
          <role>org.apache.maven.project.injection.ProfileInjector</role>
        </requirement>
        <requirement>
          <role>org.apache.maven.project.injection.ModelDefaultsInjector</role>
        </requirement>
        <requirement>
          <role>org.apache.maven.project.interpolation.ModelInterpolator</role>
        </requirement>
        <requirement>
          <role>org.apache.maven.project.inheritance.ModelInheritanceAssembler</role>
        </requirement>
        <requirement>
          <role>org.apache.maven.project.validation.ModelValidator</role>
        </requirement>
        <requirement>
          <role>org.apache.maven.project.path.PathTranslator</role>
        </requirement>
        <requirement>
          <role>org.apache.maven.project.artifact.ProjectArtifactFactory</role>
	      <role-hint>maven-project</role-hint>
        </requirement>
        <requirement>
          <role>org.apache.maven.artifact.resolver.ArtifactResolver</role>
        </requirement>
        <requirement>
          <role>org.apache.maven.artifact.repository.ArtifactRepositoryFactory</role>
        </requirement>
        <requirement>
          <role>org.apache.maven.artifact.manager.WagonManager</role>
        </requirement>
      </requirements>
    </component>
<!--
     |
     |
     |
     -->
    <component>
      <role>org.apache.maven.profiles.activation.ProfileActivator</role>
      <role-hint>always-on</role-hint>
      <implementation>org.apache.maven.profiles.activation.AlwaysOnProfileActivator</implementation>
    </component>
<!--
     |
     |
     |
     -->
    <component>
      <role>org.apache.maven.profiles.activation.ProfileActivator</role>
      <role-hint>jdk-prefix</role-hint>
      <implementation>org.apache.maven.profiles.activation.JdkPrefixProfileActivator</implementation>
    </component>
<!--
     |
     |
     |
     -->
    <component>
      <role>org.apache.maven.profiles.activation.ProfileActivator</role>
      <role-hint>system-property</role-hint>
      <implementation>org.apache.maven.profiles.activation.SystemPropertyProfileActivator</implementation>
    </component>
    <!--
     |
     |
     |
     -->
    <component>
      <role>org.apache.maven.profiles.activation.ProfileActivator</role>
      <role-hint>os</role-hint>
      <implementation>org.apache.maven.profiles.activation.OperatingSystemProfileActivator</implementation>
    </component>
    <!--
     |
     |
     |
     -->
    <component>
      <role>org.apache.maven.profiles.activation.ProfileActivator</role>
      <role-hint>file</role-hint>
      <implementation>org.apache.maven.profiles.activation.FileProfileActivator</implementation>
    </component>
<!--
     |
     |
     |
     -->
    <component>
      <role>org.apache.maven.project.inheritance.ModelInheritanceAssembler</role>
      <implementation>org.apache.maven.project.inheritance.DefaultModelInheritanceAssembler</implementation>
    </component>

<!--
     |
     |
     |
     -->
    <component>
      <role>org.apache.maven.project.validation.ModelValidator</role>
      <implementation>org.apache.maven.project.validation.DefaultModelValidator</implementation>
    </component>

<!-- ********************* FIXME *******************************************
| I realize this is duplicated but allows the project builder to work by itself
-->
    <component>
      <role>org.apache.maven.project.path.PathTranslator</role>
      <implementation>org.apache.maven.project.path.DefaultPathTranslator</implementation>
    </component>
    
    <component>
      <role>org.apache.maven.artifact.metadata.ArtifactMetadataSource</role>
      <role-hint>maven</role-hint>
      <implementation>org.apache.maven.project.artifact.MavenMetadataSource</implementation>
      <requirements>
        <requirement>
          <role>org.apache.maven.project.MavenProjectBuilder</role>
        </requirement>
        <requirement>
          <role>org.apache.maven.artifact.factory.ArtifactFactory</role>
        </requirement>
        <requirement>
          <role>org.apache.maven.artifact.repository.metadata.RepositoryMetadataManager</role>
        </requirement>
      </requirements>
    </component>

    <component>
      <role>org.apache.maven.settings.MavenSettingsBuilder</role>
      <implementation>org.apache.maven.settings.DefaultMavenSettingsBuilder</implementation>
      <configuration>
        <globalSettingsPath>${maven.home}/conf/settings.xml</globalSettingsPath>
        <userSettingsPath>${user.home}/.m2/settings.xml</userSettingsPath>
      </configuration>
    </component>
    
  </components>
</plexus>
